{
  "id": "2577419",
  "name": "test1",
  "font_family": "iconfont",
  "css_prefix_text": "icon-",
  "description": "",
  "glyphs": [
    {
      "icon_id": "11474203",
      "name": "auto",
      "font_class": "auto",
      "unicode": "e6eb",
      "unicode_decimal": 59115
    },
    {
      "icon_id": "11474335",
      "name": "QRcode",
      "font_class": "QRcode",
      "unicode": "e704",
      "unicode_decimal": 59140
    },
    {
      "icon_id": "11481317",
      "name": "favorites-fill",
      "font_class": "favorites-fill",
      "unicode": "e721",
      "unicode_decimal": 59169
    },
    {
      "icon_id": "11487977",
      "name": "arrow-right",
      "font_class": "arrow-right",
      "unicode": "e743",
      "unicode_decimal": 59203
    },
    {
      "icon_id": "11487978",
      "name": "arrow-left",
      "font_class": "arrow-left",
      "unicode": "e744",
      "unicode_decimal": 59204
    },
    {
      "icon_id": "11487982",
      "name": "arrow-up",
      "font_class": "arrow-up",
      "unicode": "e745",
      "unicode_decimal": 59205
    },
    {
      "icon_id": "11488233",
      "name": "cart-Empty-fill",
      "font_class": "cart-Empty-fill",
      "unicode": "e77a",
      "unicode_decimal": 59258
    },
    {
      "icon_id": "12011691",
      "name": "arrow-down",
      "font_class": "arrow-down",
      "unicode": "e7b2",
      "unicode_decimal": 59314
    }
  ]
}
